username,password,creation_time
,,2023-12-06T17:45:17.969252
bb,,2023-12-07T17:15:34.547910400
a,a,2023-12-06T17:46:03.563058100
hi,hi,2023-12-07T17:14:45.311469
ryan,,2023-12-07T17:30:36.607134100
b,b,2023-12-07T13:10:37.499654900
c,c,2023-12-07T13:11:38.277998200
abc,abc,2023-12-07T17:12:14.621041900
test,123,2023-12-07T18:02:36.168291200
e,e,2023-12-07T13:47:38.273452500
qw,qw,2023-12-07T12:27:07.587377300
dannny,danny,2023-12-07T17:31:21.150825400
omg,,2023-12-07T17:16:03.285959
test1,123,2023-12-07T18:52:01.771831100
abcd,abc,2023-12-07T17:25:05.184653900
111,111,2023-12-07T18:35:15.494588400
csc,csc,2023-12-07T12:23:14.036656
asd,asd,2023-12-07T13:22:34.769502400
csc207,123,2023-12-07T17:24:11.017624900
try,123,2023-12-07T18:29:00.128523600
hello,,2023-12-07T17:13:14.864105500
hey,123,2023-12-07T17:43:33.757348300
